loss_train,loss_val,accuracy_train,accuracy_val
39.94906997680664,13.58841609954834,0.11160714285714286,0.08928571428571429
27.71677017211914,9.067015647888184,0.41294642857142855,0.4181547619047619
29.739347457885742,9.61081314086914,0.44419642857142855,0.44568452380952384
21.10519027709961,6.6309380531311035,0.43973214285714285,0.44047619047619047
19.362125396728516,6.353290557861328,0.44642857142857145,0.4427083333333333
18.171066284179688,5.978087425231934,0.43973214285714285,0.44642857142857145
17.263505935668945,5.68900203704834,0.43526785714285715,0.4382440476190476
16.85399627685547,5.232387542724609,0.4486607142857143,0.44494047619047616
16.40010643005371,5.188296318054199,0.4375,0.44419642857142855
14.956023216247559,5.128878116607666,0.4419642857142857,0.4479166666666667
15.56435775756836,5.1056647300720215,0.4375,0.4419642857142857
15.309541702270508,4.9543633460998535,0.44419642857142855,0.4479166666666667
15.240278244018555,5.083073139190674,0.43526785714285715,0.44568452380952384
14.791715621948242,5.011768817901611,0.4375,0.44419642857142855
14.491388320922852,5.135970592498779,0.4330357142857143,0.44494047619047616
14.729022979736328,4.997998237609863,0.4419642857142857,0.4427083333333333
15.057920455932617,4.90443229675293,0.43973214285714285,0.44419642857142855
15.140522003173828,4.787004470825195,0.44642857142857145,0.4486607142857143
14.111802101135254,4.912801265716553,0.43973214285714285,0.4412202380952381
14.17917251586914,4.7924370765686035,0.44419642857142855,0.44642857142857145
14.482895851135254,4.8611955642700195,0.4575892857142857,0.47098214285714285
14.06954574584961,4.7445878982543945,0.48214285714285715,0.49776785714285715
13.94618034362793,4.7457733154296875,0.48214285714285715,0.5044642857142857
13.707505226135254,4.762404441833496,0.484375,0.5081845238095238
13.611700057983398,4.756909370422363,0.4888392857142857,0.5111607142857143
13.130270004272461,4.597207069396973,0.49107142857142855,0.5171130952380952
13.019292831420898,4.390765190124512,0.4955357142857143,0.5126488095238095
12.967988014221191,4.370409965515137,0.4955357142857143,0.5148809523809523
12.712579727172852,4.4203619956970215,0.49330357142857145,0.5178571428571429
12.452061653137207,4.435627460479736,0.49107142857142855,0.5119047619047619
12.25984001159668,4.359061241149902,0.49776785714285715,0.5171130952380952
12.181098937988281,4.467677116394043,0.5,0.5163690476190477
12.018257141113281,4.303689956665039,0.5089285714285714,0.5163690476190477
11.700067520141602,4.272814750671387,0.5022321428571429,0.515625
12.017231941223145,4.077733516693115,0.5044642857142857,0.515625
11.597724914550781,4.019087791442871,0.5044642857142857,0.5223214285714286
11.341264724731445,3.94018816947937,0.5111607142857143,0.5230654761904762
11.194646835327148,3.7854559421539307,0.5178571428571429,0.53125
10.94461727142334,3.675686836242676,0.5290178571428571,0.5416666666666666
10.675954818725586,3.638880968093872,0.5223214285714286,0.5372023809523809
9.95541000366211,3.5720374584198,0.5290178571428571,0.5386904761904762
9.7228364944458,3.4722046852111816,0.5178571428571429,0.5438988095238095
9.772441864013672,3.440936803817749,0.5357142857142857,0.5587797619047619
9.623307228088379,3.3241844177246094,0.5625,0.5639880952380952
9.146883964538574,3.375556468963623,0.5625,0.5595238095238095
9.093147277832031,3.3797342777252197,0.5848214285714286,0.5632440476190477
8.770066261291504,3.2044930458068848,0.5803571428571429,0.5602678571428571
8.73961353302002,3.218665599822998,0.5825892857142857,0.5662202380952381
8.856757164001465,3.212353229522705,0.5825892857142857,0.5654761904761905
8.738312721252441,3.231139659881592,0.5669642857142857,0.5662202380952381
9.211764335632324,3.131298542022705,0.5848214285714286,0.5863095238095238
8.663046836853027,3.1142992973327637,0.5892857142857143,0.6123511904761905
8.030638694763184,2.9938478469848633,0.6138392857142857,0.6354166666666666
8.189155578613281,3.147260904312134,0.5959821428571429,0.6346726190476191
8.585103988647461,3.2140116691589355,0.5892857142857143,0.6205357142857143
8.74673080444336,3.370497465133667,0.5513392857142857,0.6153273809523809
8.528336524963379,3.3612852096557617,0.546875,0.5758928571428571
8.546817779541016,3.2671051025390625,0.5379464285714286,0.5587797619047619
8.316139221191406,3.5226540565490723,0.5357142857142857,0.5409226190476191
7.519381999969482,3.1034083366394043,0.5736607142857143,0.6294642857142857
7.274041652679443,2.6855862140655518,0.640625,0.6808035714285714
7.65429162979126,2.7144670486450195,0.6183035714285714,0.6808035714285714
7.947712421417236,2.7149720191955566,0.6205357142857143,0.6726190476190477
7.8814239501953125,2.6441092491149902,0.6383928571428571,0.6741071428571429
7.921462059020996,2.743276596069336,0.625,0.671875
7.597803115844727,2.75943660736084,0.6160714285714286,0.671875
7.479316234588623,2.8737244606018066,0.6026785714285714,0.6547619047619048
7.503508567810059,2.6990437507629395,0.6116071428571429,0.6629464285714286
7.607588291168213,2.8561606407165527,0.5982142857142857,0.6555059523809523
7.208442687988281,2.657848834991455,0.6160714285714286,0.6688988095238095
7.42988395690918,2.587934970855713,0.6316964285714286,0.6882440476190477
7.229081153869629,2.485503911972046,0.640625,0.6927083333333334
7.170652389526367,2.4775705337524414,0.640625,0.6934523809523809
7.468221664428711,2.3501806259155273,0.6607142857142857,0.6971726190476191
6.892263889312744,2.3753178119659424,0.6651785714285714,0.7105654761904762
6.951866626739502,2.3157155513763428,0.6741071428571429,0.7075892857142857
6.83540678024292,2.662741184234619,0.6183035714285714,0.6651785714285714
6.651718616485596,2.4272475242614746,0.6629464285714286,0.7083333333333334
6.553135871887207,2.3458774089813232,0.671875,0.7165178571428571
6.435955047607422,2.3478691577911377,0.671875,0.7083333333333334
7.068798542022705,2.2495341300964355,0.6808035714285714,0.7120535714285714
6.610977649688721,2.340317726135254,0.6785714285714286,0.7217261904761905
6.509485721588135,2.2513089179992676,0.6852678571428571,0.7202380952380952
6.372741222381592,2.3000423908233643,0.671875,0.7254464285714286
6.009932041168213,2.1957921981811523,0.6651785714285714,0.71875
6.824624061584473,2.228215456008911,0.6651785714285714,0.7247023809523809
5.984426498413086,2.1249356269836426,0.6651785714285714,0.7306547619047619
5.896818161010742,2.164618492126465,0.671875,0.7321428571428571
6.06451940536499,2.1299829483032227,0.6651785714285714,0.7321428571428571
6.1234846115112305,2.0437493324279785,0.671875,0.7269345238095238
6.354410648345947,2.081160545349121,0.6651785714285714,0.7254464285714286
6.001039505004883,2.16066837310791,0.6763392857142857,0.7321428571428571
5.640974998474121,2.1259689331054688,0.6941964285714286,0.7358630952380952
5.679861068725586,2.136535167694092,0.6875,0.7373511904761905
5.519043922424316,2.167119264602661,0.6919642857142857,0.734375
5.592350006103516,2.13039493560791,0.6785714285714286,0.7313988095238095
5.524883270263672,2.1930127143859863,0.6830357142857143,0.7261904761904762
5.464629173278809,2.286592721939087,0.65625,0.7224702380952381
5.4213361740112305,2.2513084411621094,0.6741071428571429,0.7276785714285714
5.913796424865723,2.2504522800445557,0.6696428571428571,0.7217261904761905
5.410161972045898,2.248652458190918,0.6674107142857143,0.7276785714285714
5.764124870300293,2.149854898452759,0.6674107142857143,0.7247023809523809
5.60894250869751,2.1838412284851074,0.6584821428571429,0.71875
5.4710822105407715,2.235069990158081,0.6629464285714286,0.7209821428571429
5.832467555999756,2.212345838546753,0.6741071428571429,0.7217261904761905
5.282693862915039,2.205050230026245,0.6607142857142857,0.7157738095238095
5.477481365203857,2.312241315841675,0.6428571428571429,0.7105654761904762
5.461648464202881,2.051020383834839,0.6741071428571429,0.7269345238095238
5.381659984588623,2.0563037395477295,0.6629464285714286,0.7269345238095238
5.502190113067627,2.0659232139587402,0.6607142857142857,0.7261904761904762
5.514291763305664,2.156694173812866,0.6629464285714286,0.7209821428571429
5.526062488555908,2.1179304122924805,0.6607142857142857,0.7232142857142857
5.609869956970215,2.11508846282959,0.6607142857142857,0.7291666666666666
5.573521137237549,1.9992361068725586,0.6584821428571429,0.7194940476190477
5.639472961425781,2.144217014312744,0.6517857142857143,0.7217261904761905
5.7015061378479,2.2815988063812256,0.6495535714285714,0.7165178571428571
5.947667598724365,2.3807549476623535,0.6584821428571429,0.7239583333333334
5.903602600097656,2.181746244430542,0.6629464285714286,0.7232142857142857
5.688452243804932,1.9882398843765259,0.6674107142857143,0.7247023809523809
5.597922325134277,2.0437965393066406,0.6540178571428571,0.7224702380952381
5.613557815551758,1.9626798629760742,0.6607142857142857,0.7358630952380952
5.560381889343262,1.8854691982269287,0.6651785714285714,0.7276785714285714
5.405492305755615,1.8532129526138306,0.65625,0.7269345238095238
5.439993858337402,2.0323972702026367,0.65625,0.7142857142857143
5.603920936584473,2.025874137878418,0.6584821428571429,0.7299107142857143
5.620711803436279,2.0035319328308105,0.6517857142857143,0.7366071428571429
5.756845474243164,1.92866849899292,0.6674107142857143,0.7433035714285714
5.646764755249023,2.0028562545776367,0.6741071428571429,0.7395833333333334
5.880699634552002,2.0439133644104004,0.6919642857142857,0.7492559523809523
6.101226806640625,2.1772570610046387,0.6830357142857143,0.75
5.832214832305908,2.100830078125,0.703125,0.7529761904761905
5.768624305725098,2.218111515045166,0.6897321428571429,0.7492559523809523
5.494769096374512,2.2025787830352783,0.6875,0.7455357142857143
5.5037922859191895,2.1997408866882324,0.6607142857142857,0.7425595238095238
5.77795934677124,2.2904176712036133,0.640625,0.7202380952380952
5.436238765716553,2.2009503841400146,0.640625,0.7247023809523809
5.735969066619873,2.2221572399139404,0.6294642857142857,0.71875
5.864981651306152,2.2621774673461914,0.625,0.7127976190476191
5.323263645172119,2.1551952362060547,0.6428571428571429,0.7202380952380952
5.651724815368652,2.1928505897521973,0.6517857142857143,0.7261904761904762
5.406655311584473,2.087247848510742,0.6696428571428571,0.7232142857142857
5.450504302978516,2.047577142715454,0.6517857142857143,0.7202380952380952
5.67894172668457,2.4783051013946533,0.59375,0.7008928571428571
6.133102893829346,3.337610960006714,0.5625,0.6354166666666666
5.997049331665039,3.1478307247161865,0.5669642857142857,0.6540178571428571
6.016548156738281,2.2523696422576904,0.6138392857142857,0.7127976190476191
5.531091213226318,2.1608431339263916,0.6361607142857143,0.7254464285714286
5.343351364135742,1.9457306861877441,0.6696428571428571,0.7247023809523809
5.205924034118652,2.0660955905914307,0.6785714285714286,0.7321428571428571
5.146844863891602,2.1074819564819336,0.6674107142857143,0.734375
5.009113788604736,2.0484366416931152,0.6852678571428571,0.7440476190476191
5.4044413566589355,1.9964481592178345,0.671875,0.7433035714285714
5.045556545257568,1.9548348188400269,0.6830357142857143,0.7433035714285714
5.225475788116455,1.9822118282318115,0.6696428571428571,0.7477678571428571
4.893512725830078,1.8958580493927002,0.6741071428571429,0.7455357142857143
5.1248579025268555,1.9426162242889404,0.6741071428571429,0.7425595238095238
5.068085193634033,1.8441187143325806,0.6830357142857143,0.7492559523809523
4.98783540725708,1.8011605739593506,0.6785714285714286,0.7537202380952381
4.771182060241699,1.7204251289367676,0.6830357142857143,0.7529761904761905
5.228139877319336,1.8069167137145996,0.6830357142857143,0.7485119047619048
5.224191665649414,1.847126841545105,0.6785714285714286,0.75
4.985653877258301,1.864777684211731,0.6785714285714286,0.7589285714285714
4.990440368652344,1.9560507535934448,0.6674107142857143,0.7566964285714286
4.620454788208008,1.841845154762268,0.6852678571428571,0.7566964285714286
5.033663749694824,1.837167739868164,0.6897321428571429,0.7544642857142857
4.984395980834961,1.810710072517395,0.671875,0.7514880952380952
5.2302565574646,1.8663939237594604,0.6674107142857143,0.75
4.984847068786621,1.8588333129882812,0.6651785714285714,0.75
5.124591827392578,1.8103561401367188,0.6607142857142857,0.7366071428571429
4.917243480682373,1.803821325302124,0.65625,0.7366071428571429
4.727616786956787,1.7397048473358154,0.6674107142857143,0.7373511904761905
5.188199520111084,1.7611509561538696,0.6808035714285714,0.7418154761904762
5.173401832580566,1.7626477479934692,0.671875,0.7366071428571429
5.051992893218994,1.8855605125427246,0.6696428571428571,0.7418154761904762
4.922125339508057,1.761716365814209,0.6875,0.7395833333333334
4.874413967132568,1.7419533729553223,0.6875,0.7433035714285714
4.784310817718506,1.7568987607955933,0.6852678571428571,0.7470238095238095
4.927826404571533,1.7022486925125122,0.6919642857142857,0.7455357142857143
4.744356632232666,1.7807762622833252,0.6808035714285714,0.7492559523809523
4.92210578918457,1.7837423086166382,0.6830357142857143,0.7403273809523809
4.722366809844971,1.8467187881469727,0.6629464285714286,0.7313988095238095
5.048841953277588,1.7894198894500732,0.6674107142857143,0.7328869047619048
5.1080641746521,1.7987422943115234,0.6696428571428571,0.7440476190476191
4.988794803619385,1.782691240310669,0.671875,0.7425595238095238
4.974823951721191,1.8306434154510498,0.6696428571428571,0.7418154761904762
4.854557991027832,1.8091497421264648,0.6607142857142857,0.7358630952380952
5.157995223999023,1.7458910942077637,0.6785714285714286,0.7462797619047619
4.8153276443481445,1.8566486835479736,0.6696428571428571,0.7455357142857143
4.588116645812988,1.824843406677246,0.6674107142857143,0.7552083333333334
4.910547733306885,1.8295252323150635,0.6741071428571429,0.7537202380952381
4.6432294845581055,1.8102432489395142,0.6785714285714286,0.7574404761904762
4.757717609405518,1.7971535921096802,0.6897321428571429,0.7611607142857143
4.753766059875488,1.7783615589141846,0.6741071428571429,0.765625
4.935132026672363,1.7520517110824585,0.6919642857142857,0.7671130952380952
4.618542671203613,1.7783185243606567,0.6763392857142857,0.7633928571428571
4.74609375,1.6767586469650269,0.6919642857142857,0.7626488095238095
4.8467864990234375,1.7397044897079468,0.6897321428571429,0.7686011904761905
4.576223850250244,1.739357829093933,0.7008928571428571,0.7633928571428571
4.565948486328125,1.7152894735336304,0.7008928571428571,0.7626488095238095
4.778188705444336,1.7332489490509033,0.7142857142857143,0.7619047619047619
4.8770246505737305,1.754941463470459,0.71875,0.7663690476190477
4.574287414550781,1.6981679201126099,0.7276785714285714,0.7760416666666666
4.831804275512695,1.7930265665054321,0.6986607142857143,0.7633928571428571
4.622403144836426,1.823901653289795,0.7008928571428571,0.7485119047619048
4.567659854888916,1.75642991065979,0.6986607142857143,0.7596726190476191
4.578296184539795,1.6895647048950195,0.7008928571428571,0.7611607142857143
4.673079013824463,1.7208397388458252,0.6941964285714286,0.7700892857142857
4.4958882331848145,1.6601941585540771,0.7209821428571429,0.7708333333333334
4.6126627922058105,1.6628749370574951,0.7232142857142857,0.7700892857142857
4.632196426391602,1.7206335067749023,0.6830357142857143,0.7641369047619048
4.492491722106934,1.8185275793075562,0.6696428571428571,0.7589285714285714
4.540503978729248,1.9299620389938354,0.6696428571428571,0.7410714285714286
4.4424543380737305,1.8195370435714722,0.6607142857142857,0.7410714285714286
4.3363237380981445,1.6867109537124634,0.6741071428571429,0.7514880952380952
4.274682521820068,1.633522391319275,0.671875,0.7559523809523809
4.539989948272705,1.6784772872924805,0.671875,0.7507440476190477
4.4333014488220215,1.6123723983764648,0.671875,0.7552083333333334
4.227287769317627,1.5750362873077393,0.6830357142857143,0.7492559523809523
4.548330307006836,1.6144077777862549,0.6785714285714286,0.7537202380952381
4.208567142486572,1.743203043937683,0.6785714285714286,0.7537202380952381
4.430148124694824,1.7023327350616455,0.6808035714285714,0.7596726190476191
4.308959007263184,1.6589224338531494,0.6852678571428571,0.7633928571428571
4.225122451782227,1.6377177238464355,0.6897321428571429,0.7648809523809523
4.366273403167725,1.6689190864562988,0.6852678571428571,0.7604166666666666
4.347159385681152,1.6932216882705688,0.671875,0.7633928571428571
4.364510536193848,1.7288093566894531,0.6741071428571429,0.7641369047619048
4.1879563331604,1.769566535949707,0.6830357142857143,0.7596726190476191
4.372950077056885,1.8016417026519775,0.6875,0.7641369047619048
4.354483604431152,1.759332537651062,0.6941964285714286,0.7648809523809523
4.294737339019775,1.6988732814788818,0.7299107142857143,0.7648809523809523
4.492090225219727,1.7780903577804565,0.7098214285714286,0.7574404761904762
4.4571123123168945,1.8862041234970093,0.6897321428571429,0.7566964285714286
4.873917579650879,1.8636244535446167,0.6986607142857143,0.75
4.231903553009033,1.7703973054885864,0.703125,0.7678571428571429
4.443365097045898,1.5318968296051025,0.7678571428571429,0.7916666666666666
4.86692476272583,1.5925030708312988,0.7566964285714286,0.7805059523809523
4.420042991638184,1.6145596504211426,0.75,0.7834821428571429
4.143849849700928,1.6464847326278687,0.7232142857142857,0.7805059523809523
4.014013767242432,1.5714552402496338,0.7165178571428571,0.7834821428571429
4.120473861694336,1.5563699007034302,0.7209821428571429,0.7775297619047619
4.1388959884643555,1.5183231830596924,0.7209821428571429,0.7723214285714286
4.2525954246521,1.6356399059295654,0.7209821428571429,0.7827380952380952
4.074041366577148,1.6649335622787476,0.7165178571428571,0.7805059523809523
4.333548069000244,1.6189584732055664,0.7165178571428571,0.7782738095238095
4.131357669830322,1.6840234994888306,0.7008928571428571,0.7700892857142857
4.14752721786499,1.661850094795227,0.7053571428571429,0.7693452380952381
4.254078388214111,1.7375229597091675,0.6808035714285714,0.7581845238095238
4.359391212463379,1.6919478178024292,0.6830357142857143,0.7566964285714286
4.143482685089111,1.6474637985229492,0.6919642857142857,0.7581845238095238
4.419201850891113,1.7190237045288086,0.7008928571428571,0.7566964285714286
4.604923248291016,1.7338354587554932,0.6964285714285714,0.7619047619047619
4.299886703491211,1.7157135009765625,0.6986607142857143,0.7619047619047619
4.520562648773193,1.5818181037902832,0.7075892857142857,0.7671130952380952
4.19698429107666,1.6080524921417236,0.6964285714285714,0.7596726190476191
4.270136833190918,1.6119930744171143,0.6897321428571429,0.7566964285714286
4.0101518630981445,1.5344736576080322,0.7098214285714286,0.765625
4.008235931396484,1.5586620569229126,0.7165178571428571,0.7730654761904762
3.9497835636138916,1.599399209022522,0.7321428571428571,0.7879464285714286
4.115765571594238,1.652892827987671,0.7209821428571429,0.7886904761904762
4.364901542663574,1.6712560653686523,0.7075892857142857,0.7827380952380952
3.859649181365967,1.6671401262283325,0.703125,0.7752976190476191
3.986576557159424,1.6677430868148804,0.6897321428571429,0.7700892857142857
3.9675769805908203,1.623037576675415,0.7098214285714286,0.7760416666666666
4.495603084564209,1.5850638151168823,0.7098214285714286,0.7745535714285714
3.7395429611206055,1.5288772583007812,0.7008928571428571,0.7886904761904762
3.9086575508117676,1.4560232162475586,0.71875,0.7842261904761905
3.8253133296966553,1.4505009651184082,0.7232142857142857,0.7857142857142857
3.6529648303985596,1.4059792757034302,0.7455357142857143,0.7998511904761905
3.7638027667999268,1.4681265354156494,0.7321428571428571,0.8087797619047619
3.648059368133545,1.4152610301971436,0.7232142857142857,0.8102678571428571
3.711013078689575,1.385241985321045,0.75,0.8117559523809523
3.8593833446502686,1.6588845252990723,0.703125,0.7834821428571429
4.068766117095947,1.6880507469177246,0.6830357142857143,0.765625
4.016406536102295,1.6301270723342896,0.6964285714285714,0.78125
4.240996837615967,1.4863734245300293,0.734375,0.796875
3.7678380012512207,1.395484209060669,0.7477678571428571,0.8005952380952381
3.866987705230713,1.3571598529815674,0.7678571428571429,0.8154761904761905
3.9587860107421875,1.450148344039917,0.7767857142857143,0.8154761904761905
4.010502338409424,1.4314199686050415,0.7723214285714286,0.8028273809523809
3.837212324142456,1.3130135536193848,0.8058035714285714,0.8258928571428571
3.9459729194641113,1.407865047454834,0.8080357142857143,0.8333333333333334
3.6838631629943848,1.359481930732727,0.7991071428571429,0.8273809523809523
3.4716670513153076,1.42384672164917,0.78125,0.8236607142857143
3.6327991485595703,1.4247218370437622,0.7946428571428571,0.8273809523809523
3.570934534072876,1.3629796504974365,0.796875,0.8266369047619048
3.5562660694122314,1.3238581418991089,0.8102678571428571,0.8303571428571429
3.4932408332824707,1.3739445209503174,0.8013392857142857,0.8244047619047619
3.4190561771392822,1.4186848402023315,0.7790178571428571,0.8214285714285714
3.6534388065338135,1.4006928205490112,0.7946428571428571,0.828125
3.5914664268493652,1.3111271858215332,0.8058035714285714,0.8355654761904762
4.165356159210205,1.2622933387756348,0.8236607142857143,0.8377976190476191
3.523197650909424,1.2045055627822876,0.8214285714285714,0.8444940476190477
3.5281543731689453,1.2368245124816895,0.8169642857142857,0.8541666666666666
3.3048694133758545,1.1901575326919556,0.828125,0.8541666666666666
3.34580397605896,1.2332695722579956,0.8348214285714286,0.8586309523809523
3.4214026927948,1.3048161268234253,0.8392857142857143,0.8511904761904762
3.589006185531616,1.405094027519226,0.8236607142857143,0.8497023809523809
3.4140243530273438,1.380282998085022,0.8370535714285714,0.8400297619047619
3.7834842205047607,1.4125710725784302,0.828125,0.8355654761904762
3.727666139602661,1.52187979221344,0.8169642857142857,0.8184523809523809
