signal,ed,wd,target
0,4,2,1
1,4,2,1
2,4,2,1
3,4,2,1
4,4,2,1
5,4,2,1
6,4,2,1
7,4,2,1
8,4,2,1
9,4,2,1
10,4,2,1
11,4,2,1
12,4,2,1
13,4,2,1
14,4,2,1
15,4,2,1
16,4,2,1
17,4,2,1
18,4,2,1
19,4,2,1
20,4,2,1
21,4,2,1
22,4,2,1
23,4,2,1
24,4,2,0
25,4,2,0
26,4,2,1
27,4,2,1
28,4,2,1
29,4,2,1
30,4,2,1
31,4,2,1
32,4,2,1
33,4,2,1
34,4,2,1
35,4,2,1
36,4,2,0
37,4,2,1
38,4,2,1
39,4,2,1
40,4,2,1
41,4,2,1
42,4,2,1
43,4,2,1
44,4,2,0
45,4,2,1
46,4,2,0
47,4,2,1
48,4,2,1
49,4,2,1
50,4,2,1
51,4,2,1
52,4,2,1
53,4,2,1
54,4,2,1
55,4,2,1
56,4,2,1
57,4,2,1
58,4,2,1
59,4,2,1
60,4,2,0
61,4,2,1
62,4,2,1
63,4,2,1
64,4,2,1
65,4,2,1
66,4,2,1
67,4,2,1
68,4,2,1
69,4,2,1
70,4,2,1
71,4,2,1
72,4,2,1
73,4,2,1
74,4,2,1
75,4,2,1
76,4,2,1
77,4,2,1
78,4,2,1
79,4,2,1
80,4,2,1
81,4,2,1
82,4,2,1
83,4,2,1
84,4,2,1
85,4,2,1
86,4,2,1
87,4,2,1
88,4,2,0
89,4,2,1
90,4,2,0
91,4,2,1
92,4,2,1
93,4,2,1
94,4,2,1
95,4,2,1
96,4,2,1
97,4,2,0
98,4,2,1
99,4,2,1
100,4,2,1
101,4,2,1
102,4,2,1
103,4,2,1
104,4,2,1
105,4,2,1
106,4,2,1
107,4,2,1
108,4,2,1
109,4,2,1
110,4,2,1
111,4,2,1
112,4,2,1
113,4,2,1
114,4,2,1
115,4,2,1
116,4,2,1
117,4,2,1
118,4,2,1
119,4,2,1
120,4,2,1
121,4,2,1
122,4,2,1
123,4,2,1
124,4,2,1
125,4,2,1
126,4,2,1
127,4,2,1
128,4,2,0
129,4,2,1
130,4,2,1
131,4,2,1
132,4,2,1
133,4,2,1
134,4,2,1
135,4,2,1
136,4,2,1
137,4,2,1
138,4,2,1
139,4,2,1
140,4,2,1
141,4,2,1
142,4,2,1
143,4,2,1
144,4,2,1
145,4,2,1
146,4,2,1
147,4,2,1
148,4,2,1
149,4,2,1
150,4,2,1
151,4,2,1
152,4,2,1
153,4,2,1
154,4,2,1
155,4,2,1
156,4,2,1
157,4,2,1
158,4,2,1
159,4,2,1
160,4,2,1
161,4,2,1
162,4,2,1
163,4,2,1
164,4,2,1
165,4,2,1
166,4,2,1
167,4,2,1
168,4,2,1
169,4,2,1
170,4,2,1
171,4,2,1
172,4,2,1
173,4,2,1
174,4,2,1
175,4,2,1
176,4,2,1
177,4,2,1
178,4,2,1
179,4,2,1
180,4,2,1
181,4,2,1
182,4,2,1
183,4,2,1
184,4,2,1
185,4,2,1
186,4,2,1
187,4,2,1
188,4,2,1
189,4,2,1
190,4,2,1
191,4,2,1
192,4,2,1
193,4,2,1
194,4,2,1
195,4,2,1
196,4,2,1
197,4,2,1
198,4,2,1
199,4,2,1
200,4,2,1
201,4,2,1
202,4,2,1
203,4,2,1
204,4,2,1
205,4,2,1
206,4,2,1
207,4,2,1
208,4,2,1
209,4,2,1
210,4,2,0
211,4,2,1
212,4,2,1
213,4,2,1
214,4,2,1
215,4,2,2
216,4,2,2
217,4,2,2
218,4,2,2
219,4,2,2
220,4,2,2
221,4,2,2
222,4,2,2
223,4,2,2
224,4,2,2
225,4,2,2
226,4,2,2
227,4,2,2
228,4,2,2
229,4,2,2
230,4,2,2
231,4,2,2
232,4,2,2
233,4,2,2
234,4,2,2
235,4,2,2
236,4,2,2
237,4,2,2
238,4,2,2
239,4,2,2
240,4,2,2
241,4,2,2
242,4,2,2
243,4,2,2
244,4,2,2
245,4,2,2
246,4,2,2
247,4,2,2
248,4,2,2
249,4,2,2
250,4,2,2
251,4,2,2
252,4,2,2
253,4,2,2
254,4,2,2
255,4,2,2
256,4,2,2
257,4,2,2
258,4,2,2
259,4,2,2
260,4,2,2
261,4,2,2
262,4,2,2
263,4,2,2
264,4,2,2
265,4,2,2
266,4,2,2
267,4,2,2
268,4,2,2
269,4,2,2
270,4,2,2
271,4,2,2
272,4,2,2
273,4,2,2
274,4,2,2
275,4,2,2
276,4,2,2
277,4,2,2
278,4,2,2
279,4,2,2
280,4,2,2
281,4,2,0
282,4,2,2
283,4,2,2
284,4,2,2
285,4,2,2
286,4,2,2
287,4,2,2
288,4,2,2
289,4,2,2
290,4,2,2
291,4,2,2
292,4,2,2
293,4,2,2
294,4,2,2
295,4,2,2
296,4,2,2
297,4,2,2
298,4,2,2
299,4,2,2
300,4,2,2
301,4,2,2
302,4,2,2
303,4,2,2
304,4,2,2
305,4,2,2
306,4,2,2
307,4,2,2
308,4,2,2
309,4,2,2
310,4,2,2
311,4,2,2
312,4,2,2
313,4,2,0
314,4,2,2
315,4,2,2
316,4,2,2
317,4,2,2
318,4,2,2
319,4,2,2
320,4,2,2
321,4,2,2
322,4,2,2
323,4,2,2
324,4,2,2
325,4,2,2
326,4,2,2
327,4,2,2
328,4,2,2
329,4,2,2
330,4,2,2
331,4,2,2
332,4,2,2
333,4,2,2
334,4,2,2
335,4,2,2
336,4,2,2
337,4,2,2
338,4,2,2
339,4,2,2
340,4,2,2
341,4,2,2
342,4,2,2
343,4,2,2
344,4,2,2
345,4,2,2
346,4,2,2
347,4,2,2
348,4,2,2
349,4,2,2
350,4,2,2
351,4,2,2
352,4,2,2
353,4,2,2
354,4,2,2
355,4,2,2
356,4,2,2
357,4,2,2
358,4,2,2
359,4,2,2
360,4,2,2
361,4,2,2
362,4,2,2
363,4,2,2
364,4,2,2
365,4,2,2
366,4,2,2
367,4,2,2
368,4,2,2
369,4,2,2
370,4,2,2
371,4,2,2
372,4,2,2
373,4,2,2
374,4,2,2
375,4,2,2
376,4,2,2
377,4,2,2
378,4,2,2
379,4,2,2
380,4,2,2
381,4,2,2
382,4,2,2
383,4,2,2
384,4,2,2
385,4,2,2
386,4,2,2
387,4,2,2
388,4,2,2
389,4,2,2
390,4,2,2
391,4,2,2
392,4,2,2
393,4,2,2
394,4,2,2
395,4,2,2
396,4,2,2
397,4,2,2
398,4,2,2
399,4,2,2
400,4,2,2
401,4,2,2
402,4,2,2
403,4,2,2
404,4,2,2
405,4,2,2
406,4,2,2
407,4,2,2
408,4,2,2
409,4,2,2
410,4,2,2
411,4,2,2
412,4,2,2
413,4,2,2
414,4,2,2
415,4,2,2
416,4,2,2
417,4,2,2
418,4,2,2
419,4,2,2
420,4,2,2
421,4,2,2
422,4,2,2
423,4,2,2
424,4,2,2
425,4,2,2
426,4,2,2
427,4,2,2
428,4,2,2
429,4,2,2
430,4,2,2
431,4,2,2
432,4,2,2
433,4,2,2
434,4,2,2
435,4,2,3
436,4,2,3
437,4,2,3
438,4,2,3
439,4,2,3
440,4,2,3
441,4,2,3
442,4,2,3
443,4,2,3
444,4,2,3
445,4,2,3
446,4,2,3
447,4,2,3
448,4,2,3
449,4,2,3
450,4,2,3
451,4,2,3
452,4,2,3
453,4,2,3
454,4,2,3
455,4,2,3
456,4,2,3
457,4,2,3
458,4,2,3
459,4,2,3
460,4,2,3
461,4,2,3
462,4,2,3
463,4,2,3
464,4,2,3
465,4,2,3
466,4,2,3
467,4,2,3
468,4,2,3
469,4,2,3
470,4,2,3
471,4,2,3
472,4,2,3
473,4,2,3
474,4,2,3
475,4,2,3
476,4,2,3
477,4,2,3
478,4,2,3
479,4,2,3
480,4,2,3
481,4,2,3
482,4,2,3
483,4,2,3
484,4,2,3
485,4,2,3
486,4,2,3
487,4,2,3
488,4,2,3
489,4,2,3
490,4,2,3
491,4,2,3
492,4,2,3
493,4,2,3
494,4,2,3
495,4,2,3
496,4,2,3
497,4,2,3
498,4,2,3
499,4,2,3
500,4,2,3
501,4,2,3
502,4,2,3
503,4,2,3
504,4,2,3
505,4,2,3
506,4,2,3
507,4,2,3
508,4,2,3
509,4,2,3
510,4,2,3
511,4,2,3
512,4,2,3
513,4,2,3
514,4,2,3
515,4,2,3
516,4,2,3
517,4,2,3
518,4,2,3
519,4,2,3
520,4,2,3
521,4,2,3
522,4,2,3
523,4,2,3
524,4,2,3
525,4,2,3
526,4,2,3
527,4,2,3
528,4,2,3
529,4,2,3
530,4,2,3
531,4,2,3
532,4,2,3
533,4,2,3
534,4,2,3
535,4,2,3
536,4,2,3
537,4,2,3
538,4,2,3
539,4,2,3
540,4,2,3
541,4,2,3
542,4,2,3
543,4,2,3
544,4,2,3
545,4,2,3
546,4,2,3
547,4,2,3
548,4,2,3
549,4,2,3
550,4,2,3
551,4,2,3
552,4,2,3
553,4,2,3
554,4,2,3
555,4,2,3
556,4,2,3
557,4,2,3
558,4,2,3
559,4,2,3
560,4,2,3
561,4,2,3
562,4,2,3
563,4,2,3
564,4,2,3
565,4,2,0
566,4,2,3
567,4,2,3
568,4,2,3
569,4,2,3
570,4,2,3
571,4,2,3
572,4,2,3
573,4,2,3
574,4,2,3
575,4,2,3
576,4,2,3
577,4,2,3
578,4,2,3
579,4,2,3
580,4,2,3
581,4,2,3
582,4,2,3
583,4,2,3
584,4,2,3
585,4,2,3
586,4,2,3
587,4,2,3
588,4,2,3
589,4,2,3
590,4,2,3
591,4,2,3
592,4,2,3
593,4,2,3
594,4,2,3
595,4,2,3
596,4,2,3
597,4,2,3
598,4,2,3
599,4,2,3
600,4,2,3
601,4,2,3
602,4,2,3
603,4,2,3
604,4,2,3
605,4,2,3
606,4,2,3
607,4,2,3
608,4,2,3
609,4,2,3
610,4,2,3
611,4,2,3
612,4,2,0
613,4,2,3
614,4,2,3
615,4,2,3
616,4,2,3
617,4,2,3
618,4,2,3
619,4,2,3
620,4,2,3
621,4,2,3
622,4,2,3
623,4,2,3
624,4,2,3
625,4,2,3
626,4,2,3
627,4,2,3
628,4,2,3
629,4,2,3
630,4,2,3
631,4,2,3
632,4,2,3
633,4,2,3
634,4,2,3
635,4,2,3
636,4,2,3
637,4,2,3
638,4,2,3
639,4,2,3
640,4,2,3
641,4,2,3
642,4,2,3
643,4,2,3
644,4,2,3
645,4,2,3
646,4,2,3
647,4,2,3
648,4,2,3
649,4,2,3
650,4,2,3
651,4,2,3
652,4,2,3
653,4,2,3
654,4,2,3
655,4,2,3
656,4,2,3
657,4,2,3
658,4,2,3
659,4,2,4
660,4,2,4
661,4,2,4
662,4,2,4
663,4,2,4
664,4,2,4
665,4,2,4
666,4,2,4
667,4,2,4
668,4,2,4
669,4,2,4
670,4,2,4
671,4,2,4
672,4,2,4
673,4,2,4
674,4,2,4
675,4,2,4
676,4,2,4
677,4,2,4
678,4,2,4
679,4,2,4
680,4,2,4
681,4,2,4
682,4,2,4
683,4,2,4
684,4,2,4
685,4,2,4
686,4,2,4
687,4,2,4
688,4,2,4
689,4,2,4
690,4,2,4
691,4,2,4
692,4,2,4
693,4,2,4
694,4,2,4
695,4,2,4
696,4,2,4
697,4,2,4
698,4,2,4
699,4,2,4
700,4,2,4
701,4,2,4
702,4,2,4
703,4,2,4
704,4,2,4
705,4,2,4
706,4,2,4
707,4,2,4
708,4,2,4
709,4,2,4
710,4,2,4
711,4,2,4
712,4,2,4
713,4,2,4
714,4,2,4
715,4,2,4
716,4,2,4
717,4,2,4
718,4,2,4
719,4,2,4
720,4,2,4
721,4,2,4
722,4,2,4
723,4,2,4
724,4,2,4
725,4,2,4
726,4,2,4
727,4,2,4
728,4,2,4
729,4,2,4
730,4,2,4
731,4,2,4
732,4,2,4
733,4,2,4
734,4,2,4
735,4,2,4
736,4,2,4
737,4,2,4
738,4,2,4
739,4,2,4
740,4,2,4
741,4,2,4
742,4,2,4
743,4,2,4
744,4,2,4
745,4,2,4
746,4,2,4
747,4,2,4
748,4,2,4
749,4,2,4
750,4,2,4
751,4,2,4
752,4,2,4
753,4,2,4
754,4,2,4
755,4,2,4
756,4,2,4
757,4,2,4
758,4,2,4
759,4,2,4
760,4,2,4
761,4,2,4
762,4,2,4
763,4,2,4
764,4,2,4
765,4,2,4
766,4,2,4
767,4,2,4
768,4,2,4
769,4,2,4
770,4,2,4
771,4,2,4
772,4,2,4
773,4,2,4
774,4,2,4
775,4,2,4
776,4,2,4
777,4,2,4
778,4,2,4
779,4,2,4
780,4,2,4
781,4,2,4
782,4,2,4
783,4,2,4
784,4,2,4
785,4,2,4
786,4,2,4
787,4,2,4
788,4,2,4
789,4,2,4
790,4,2,4
791,4,2,4
792,4,2,4
793,4,2,4
794,4,2,4
795,4,2,4
796,4,2,4
797,4,2,4
798,4,2,4
799,4,2,0
800,4,2,4
801,4,2,4
802,4,2,4
803,4,2,4
804,4,2,4
805,4,2,4
806,4,2,4
807,4,2,4
808,4,2,4
809,4,2,4
810,4,2,4
811,4,2,4
812,4,2,4
813,4,2,4
814,4,2,4
815,4,2,4
816,4,2,4
817,4,2,4
818,4,2,4
819,4,2,4
820,4,2,4
821,4,2,4
822,4,2,4
823,4,2,4
824,4,2,4
825,4,2,4
826,4,2,4
827,4,2,4
828,4,2,4
829,4,2,4
830,4,2,4
831,4,2,4
832,4,2,4
833,4,2,4
834,4,2,4
835,4,2,4
836,4,2,4
837,4,2,4
838,4,2,4
839,4,2,4
840,4,2,4
841,4,2,4
842,4,2,4
843,4,2,4
844,4,2,4
845,4,2,4
846,4,2,4
847,4,2,4
848,4,2,4
849,4,2,4
850,4,2,4
851,4,2,4
852,4,2,4
853,4,2,4
854,4,2,4
855,4,2,4
856,4,2,4
857,4,2,4
858,4,2,4
859,4,2,4
860,4,2,4
861,4,2,4
862,4,2,4
863,4,2,4
864,4,2,4
865,4,2,4
866,4,2,4
867,4,2,4
868,4,2,4
869,4,2,4
870,4,2,4
871,4,2,4
872,4,2,4
873,4,2,4
874,4,2,4
875,4,2,4
876,4,2,4
877,4,2,4
878,4,2,4
879,4,2,4
880,4,2,4
881,4,2,4
882,4,2,4
883,4,2,4
884,4,2,5
885,4,2,5
886,4,2,5
887,4,2,5
888,4,2,5
889,4,2,5
890,4,2,5
891,4,2,5
892,4,2,5
893,4,2,5
894,4,2,5
895,4,2,5
896,4,2,5
897,4,2,5
898,4,2,5
899,4,2,5
900,4,2,5
901,4,2,5
902,4,2,5
903,4,2,5
904,4,2,5
905,4,2,5
906,4,2,5
907,4,2,5
908,4,2,5
909,4,2,5
910,4,2,5
911,4,2,5
912,4,2,5
913,4,2,5
914,4,2,5
915,4,2,5
916,4,2,5
917,4,2,5
918,4,2,5
919,4,2,5
920,4,2,5
921,4,2,5
922,4,2,5
923,4,2,5
924,4,2,5
925,4,2,5
926,4,2,5
927,4,2,5
928,4,2,5
929,4,2,5
930,4,2,5
931,4,2,5
932,4,2,5
933,4,2,5
934,4,2,5
935,4,2,5
936,4,2,5
937,4,2,5
938,4,2,5
939,4,2,5
940,4,2,5
941,4,2,5
942,4,2,5
943,4,2,5
944,4,2,5
945,4,2,5
946,4,2,5
947,4,2,5
948,4,2,5
949,4,2,5
950,4,2,5
951,4,2,5
952,4,2,5
953,4,2,5
954,4,2,5
955,4,2,5
956,4,2,5
957,4,2,5
958,4,2,5
959,4,2,5
960,4,2,5
961,4,2,5
962,4,2,5
963,4,2,5
964,4,2,5
965,4,2,5
966,4,2,5
967,4,2,5
968,4,2,5
969,4,2,5
970,4,2,5
971,4,2,5
972,4,2,5
973,4,2,5
974,4,2,5
975,4,2,5
976,4,2,5
977,4,2,5
978,4,2,5
979,4,2,5
980,4,2,5
981,4,2,5
982,4,2,5
983,4,2,5
984,4,2,5
985,4,2,5
986,4,2,5
987,4,2,5
988,4,2,5
989,4,2,5
990,4,2,5
991,4,2,5
992,4,2,5
993,4,2,5
994,4,2,5
995,4,2,5
996,4,2,5
997,4,2,5
998,4,2,5
999,4,2,5
1000,4,2,5
1001,4,2,5
1002,4,2,5
1003,4,2,5
1004,4,2,5
1005,4,2,5
1006,4,2,5
1007,4,2,5
1008,4,2,5
1009,4,2,5
1010,4,2,5
1011,4,2,5
1012,4,2,5
1013,4,2,5
1014,4,2,5
1015,4,2,5
1016,4,2,5
1017,4,2,5
1018,4,2,5
1019,4,2,5
1020,4,2,5
1021,4,2,5
1022,4,2,5
1023,4,2,5
1024,4,2,5
1025,4,2,5
1026,4,2,5
1027,4,2,5
1028,4,2,5
1029,4,2,0
1030,4,2,5
1031,4,2,5
1032,4,2,5
1033,4,2,5
1034,4,2,5
1035,4,2,5
1036,4,2,5
1037,4,2,5
1038,4,2,5
1039,4,2,5
1040,4,2,5
1041,4,2,5
1042,4,2,5
1043,4,2,5
1044,4,2,5
1045,4,2,5
1046,4,2,5
1047,4,2,5
1048,4,2,5
1049,4,2,5
1050,4,2,5
1051,4,2,5
1052,4,2,5
1053,4,2,5
1054,4,2,5
1055,4,2,5
1056,4,2,5
1057,4,2,5
1058,4,2,5
1059,4,2,5
1060,4,2,5
1061,4,2,5
1062,4,2,5
1063,4,2,5
1064,4,2,5
1065,4,2,5
1066,4,2,5
1067,4,2,5
1068,4,2,5
1069,4,2,5
1070,4,2,5
1071,4,2,5
1072,4,2,5
1073,4,2,5
1074,4,2,5
1075,4,2,5
1076,4,2,5
1077,4,2,5
1078,4,2,5
1079,4,2,5
1080,4,2,5
1081,4,2,5
1082,4,2,5
1083,4,2,5
1084,4,2,5
1085,4,2,5
1086,4,2,5
1087,4,2,5
1088,4,2,5
1089,4,2,6
1090,4,2,6
1091,4,2,6
1092,4,2,6
1093,4,2,6
1094,4,2,6
1095,4,2,6
1096,4,2,6
1097,4,2,6
1098,4,2,6
1099,4,2,6
1100,4,2,6
1101,4,2,6
1102,4,2,6
1103,4,2,6
1104,4,2,6
1105,4,2,6
1106,4,2,6
1107,4,2,6
1108,4,2,6
1109,4,2,6
1110,4,2,6
1111,4,2,6
1112,4,2,6
1113,4,2,6
1114,4,2,6
1115,4,2,6
1116,4,2,6
1117,4,2,6
1118,4,2,6
1119,4,2,6
1120,4,2,6
1121,4,2,6
1122,4,2,6
1123,4,2,6
1124,4,2,6
1125,4,2,6
1126,4,2,6
1127,4,2,6
1128,4,2,6
1129,4,2,6
1130,4,2,6
1131,4,2,6
1132,4,2,0
1133,4,2,6
1134,4,2,6
1135,4,2,6
1136,4,2,6
1137,4,2,0
1138,4,2,6
1139,4,2,6
1140,4,2,6
1141,4,2,6
1142,4,2,6
1143,4,2,6
1144,4,2,6
1145,4,2,6
1146,4,2,6
1147,4,2,6
1148,4,2,6
1149,4,2,6
1150,4,2,6
1151,4,2,6
1152,4,2,6
1153,4,2,6
1154,4,2,6
1155,4,2,6
1156,4,2,6
1157,4,2,6
1158,4,2,0
1159,4,2,6
1160,4,2,6
1161,4,2,6
1162,4,2,6
1163,4,2,6
1164,4,2,6
1165,4,2,6
1166,4,2,6
1167,4,2,6
1168,4,2,6
1169,4,2,6
1170,4,2,6
1171,4,2,6
1172,4,2,6
1173,4,2,6
1174,4,2,6
1175,4,2,6
1176,4,2,6
1177,4,2,6
1178,4,2,6
1179,4,2,6
1180,4,2,6
1181,4,2,6
1182,4,2,6
1183,4,2,6
1184,4,2,6
1185,4,2,6
1186,4,2,6
1187,4,2,6
1188,4,2,6
1189,4,2,6
1190,4,2,6
1191,4,2,6
1192,4,2,6
1193,4,2,6
1194,4,2,6
1195,4,2,6
1196,4,2,6
1197,4,2,6
1198,4,2,6
1199,4,2,6
1200,4,2,6
1201,4,2,6
1202,4,2,6
1203,4,2,6
1204,4,2,0
1205,4,2,6
1206,4,2,6
1207,4,2,6
1208,4,2,6
1209,4,2,6
1210,4,2,6
1211,4,2,6
1212,4,2,6
1213,4,2,6
1214,4,2,6
1215,4,2,6
1216,4,2,6
1217,4,2,6
1218,4,2,6
1219,4,2,6
1220,4,2,6
1221,4,2,6
1222,4,2,6
1223,4,2,6
1224,4,2,6
1225,4,2,6
1226,4,2,6
1227,4,2,6
1228,4,2,6
1229,4,2,6
1230,4,2,0
1231,4,2,6
1232,4,2,6
1233,4,2,6
1234,4,2,0
1235,4,2,6
1236,4,2,6
1237,4,2,6
1238,4,2,6
1239,4,2,6
1240,4,2,6
1241,4,2,6
1242,4,2,6
1243,4,2,6
1244,4,2,6
1245,4,2,6
1246,4,2,6
1247,4,2,6
1248,4,2,6
1249,4,2,6
1250,4,2,6
1251,4,2,6
1252,4,2,6
1253,4,2,6
1254,4,2,6
1255,4,2,6
1256,4,2,6
1257,4,2,6
1258,4,2,6
1259,4,2,6
1260,4,2,6
1261,4,2,6
1262,4,2,6
1263,4,2,6
1264,4,2,6
1265,4,2,6
1266,4,2,6
1267,4,2,6
1268,4,2,6
1269,4,2,6
1270,4,2,0
1271,4,2,6
1272,4,2,6
1273,4,2,6
1274,4,2,6
1275,4,2,6
1276,4,2,6
1277,4,2,6
1278,4,2,6
1279,4,2,6
1280,4,2,6
1281,4,2,6
1282,4,2,6
1283,4,2,6
1284,4,2,6
1285,4,2,6
1286,4,2,6
1287,4,2,6
1288,4,2,6
1289,4,2,6
1290,4,2,6
1291,4,2,6
1292,4,2,6
1293,4,2,6
1294,4,2,6
1295,4,2,6
1296,4,2,6
1297,4,2,6
1298,4,2,6
1299,4,2,6
1300,4,2,6
1301,4,2,6
1302,4,2,6
1303,4,2,6
1304,4,2,6
1305,1,2,0
1306,1,2,0
1307,1,2,0
1308,1,2,0
1309,1,2,0
1310,1,2,0
1311,1,2,0
1312,1,2,0
1313,1,2,0
1314,1,2,0
1315,1,2,0
1316,1,2,0
1317,1,2,0
1318,1,2,0
1319,1,2,0
1320,1,2,0
1321,1,2,0
1322,1,2,0
1323,1,2,0
1324,1,2,0
1325,1,2,0
1326,1,2,0
1327,1,2,0
1328,1,2,0
1329,1,2,0
1330,1,2,0
1331,1,2,0
1332,1,2,0
1333,1,2,0
1334,1,2,0
1335,1,2,0
1336,1,2,0
1337,1,2,0
1338,1,2,0
1339,1,2,0
1340,1,2,0
1341,1,2,0
1342,1,2,0
1343,1,2,0
1344,1,2,0
1345,1,2,0
1346,1,2,0
1347,1,2,0
1348,1,2,0
1349,1,2,0
1350,1,2,0
1351,1,2,0
1352,1,2,0
1353,1,2,0
1354,1,2,0
1355,1,2,0
1356,1,2,0
1357,1,2,0
1358,1,2,0
1359,1,2,0
1360,1,2,0
1361,1,2,0
1362,1,2,0
1363,1,2,0
1364,1,2,0
1365,1,2,0
1366,1,2,0
1367,1,2,0
1368,1,2,0
1369,1,2,0
1370,1,2,0
1371,1,2,0
1372,1,2,0
1373,1,2,0
1374,1,2,0
1375,1,2,0
1376,1,2,0
1377,1,2,0
1378,1,2,0
1379,1,2,0
1380,1,2,0
1381,1,2,0
1382,1,2,0
1383,1,2,0
1384,1,2,0
1385,1,2,0
1386,1,2,0
1387,1,2,0
1388,1,2,0
1389,1,2,0
1390,1,2,0
1391,1,2,0
1392,1,2,0
1393,1,2,0
1394,1,2,0
1395,1,2,0
1396,1,2,0
1397,1,2,0
1398,1,2,0
1399,1,2,0
1400,1,2,0
1401,1,2,0
1402,1,2,0
1403,1,2,0
1404,1,2,0
1405,1,2,0
1406,1,2,0
1407,1,2,0
1408,1,2,0
1409,1,2,0
1410,1,2,0
1411,1,2,0
1412,1,2,0
1413,1,2,0
1414,1,2,0
1415,1,2,0
1416,1,2,0
1417,1,2,0
1418,1,2,0
1419,1,2,0
1420,1,2,0
1421,1,2,0
1422,1,2,0
1423,1,2,0
1424,1,2,0
1425,1,2,0
1426,1,2,0
1427,1,2,0
1428,1,2,0
1429,1,2,0
1430,1,2,0
1431,1,2,0
1432,1,2,0
1433,1,2,0
1434,1,2,0
1435,1,2,0
1436,1,2,0
1437,1,2,0
1438,1,2,0
1439,1,2,0
1440,1,2,0
1441,1,2,0
1442,1,2,0
1443,1,2,0
1444,1,2,0
1445,1,2,0
1446,1,2,0
1447,1,2,0
1448,1,2,0
1449,1,2,0
1450,1,2,0
1451,1,2,0
1452,1,2,0
1453,1,2,0
1454,1,2,0
1455,1,2,0
1456,1,2,0
1457,1,2,0
1458,1,2,0
1459,1,2,0
1460,1,2,0
1461,1,2,0
1462,1,2,0
1463,1,2,0
1464,1,2,0
1465,1,2,0
1466,1,2,0
1467,1,2,0
1468,1,2,0
1469,1,2,0
1470,1,2,0
1471,1,2,0
1472,1,2,0
1473,1,2,0
1474,1,2,0
1475,1,2,0
1476,1,2,0
1477,1,2,0
1478,1,2,0
1479,1,2,0
1480,1,2,0
1481,1,2,0
1482,1,2,0
1483,1,2,0
1484,1,2,0
1485,1,2,0
1486,1,2,0
1487,1,2,0
1488,1,2,0
1489,1,2,0
1490,1,2,0
1491,1,2,0
1492,1,2,0
1493,1,2,0
1494,1,2,0
1495,1,2,0
1496,1,2,0
1497,1,2,0
1498,1,2,0
1499,1,2,0
1500,1,2,0
1501,1,2,0
1502,1,2,0
1503,1,2,0
1504,1,2,0
1505,1,2,0
1506,1,2,0
1507,1,2,0
1508,1,2,0
1509,1,2,0
1510,1,2,0
1511,1,2,0
1512,1,2,0
1513,1,2,0
1514,1,2,0
1515,1,2,0
1516,1,2,0
1517,1,2,0
1518,1,2,0
1519,1,2,0
1520,1,2,0
1521,1,2,0
1522,1,2,0
1523,1,2,0
1524,1,2,0
1525,1,2,0
1526,1,2,0
1527,1,2,0
1528,1,2,0
1529,1,2,0
1530,1,2,0
1531,1,2,0
1532,1,2,0
1533,1,2,0
1534,1,2,0
1535,1,2,0
1536,1,2,0
1537,1,2,0
1538,1,2,0
1539,1,2,0
1540,1,2,0
1541,1,2,0
1542,1,2,0
1543,1,2,0
1544,1,2,0
1545,1,2,0
1546,1,2,0
1547,1,2,0
1548,1,2,0
1549,1,2,0
1550,1,2,0
1551,1,2,0
1552,1,2,0
1553,1,2,0
1554,1,2,0
1555,1,2,0
1556,1,2,0
1557,1,2,0
1558,1,2,0
1559,1,2,0
1560,1,2,0
1561,1,2,0
1562,1,2,0
1563,1,2,0
1564,1,2,0
1565,1,2,0
1566,1,2,0
1567,1,2,0
1568,1,2,0
1569,1,2,0
1570,1,2,0
1571,1,2,0
1572,1,2,0
1573,1,2,0
1574,1,2,0
1575,1,2,0
1576,1,2,0
1577,1,2,0
1578,1,2,0
1579,1,2,0
1580,1,2,0
1581,1,2,0
1582,1,2,0
1583,1,2,0
1584,1,2,0
1585,1,2,0
1586,1,2,0
1587,1,2,0
1588,1,2,0
1589,1,2,0
1590,1,2,0
1591,1,2,0
1592,1,2,0
1593,1,2,0
1594,1,2,0
1595,1,2,0
1596,1,2,0
1597,1,2,0
1598,1,2,0
1599,1,2,0
1600,1,2,0
1601,1,2,0
1602,1,2,0
1603,1,2,0
1604,1,2,0
1605,1,2,0
1606,1,2,0
1607,1,2,0
1608,1,2,0
1609,1,2,0
1610,1,2,0
1611,1,2,0
1612,1,2,0
1613,1,2,0
1614,1,2,0
1615,1,2,0
1616,1,2,0
1617,1,2,0
1618,1,2,0
1619,1,2,0
1620,1,2,0
1621,1,2,0
1622,1,2,0
1623,1,2,0
1624,1,2,0
1625,1,2,0
1626,1,2,0
1627,1,2,0
1628,1,2,0
1629,1,2,0
1630,1,2,0
1631,1,2,0
1632,1,2,0
1633,1,2,0
1634,1,2,0
1635,1,2,0
1636,1,2,0
1637,1,2,0
1638,1,2,0
1639,1,2,0
1640,1,2,0
1641,1,2,0
1642,1,2,0
1643,1,2,0
1644,1,2,0
1645,1,2,0
1646,1,2,0
1647,1,2,0
1648,1,2,0
1649,1,2,0
1650,1,2,0
1651,1,2,0
1652,1,2,0
1653,1,2,0
1654,1,2,0
1655,1,2,0
1656,1,2,0
1657,1,2,0
1658,1,2,0
1659,1,2,0
1660,1,2,0
1661,1,2,0
1662,1,2,0
1663,1,2,0
1664,1,2,0
1665,1,2,0
1666,1,2,0
1667,1,2,0
1668,1,2,0
1669,1,2,0
1670,1,2,0
1671,1,2,0
1672,1,2,0
1673,1,2,0
1674,1,2,0
1675,1,2,0
1676,1,2,0
1677,1,2,0
1678,1,2,0
1679,1,2,0
1680,1,2,0
1681,1,2,0
1682,1,2,0
1683,1,2,0
1684,1,2,0
1685,1,2,0
1686,1,2,0
1687,1,2,0
1688,1,2,0
1689,1,2,0
1690,1,2,0
1691,1,2,0
1692,1,2,0
1693,1,2,0
1694,1,2,0
1695,1,2,0
1696,1,2,0
1697,1,2,0
1698,1,2,0
1699,1,2,0
1700,1,2,0
1701,1,2,0
1702,1,2,0
1703,1,2,0
1704,1,2,0
1705,1,2,0
1706,1,2,0
1707,1,2,0
1708,1,2,0
1709,1,2,0
1710,1,2,0
1711,1,2,0
1712,1,2,0
1713,1,2,0
1714,1,2,0
1715,1,2,0
1716,1,2,0
1717,1,2,0
1718,1,2,0
1719,1,2,0
1720,1,2,0
1721,1,2,0
1722,1,2,0
1723,1,2,0
1724,1,2,0
1725,1,2,0
1726,1,2,0
1727,1,2,0
1728,1,2,0
1729,1,2,0
1730,1,2,0
1731,1,2,0
1732,1,2,0
1733,1,2,0
1734,1,2,0
1735,1,2,0
1736,1,2,0
1737,1,2,0
1738,1,2,0
1739,1,2,0
1740,1,2,0
1741,1,2,0
1742,1,2,0
1743,1,2,0
1744,1,2,0
1745,1,2,0
1746,1,2,0
1747,1,2,0
1748,1,2,0
1749,1,2,0
1750,1,2,0
1751,1,2,0
1752,1,2,0
1753,1,2,0
1754,1,2,0
1755,1,2,0
1756,1,2,0
1757,1,2,0
1758,1,2,0
1759,1,2,0
1760,1,2,0
1761,1,2,0
1762,1,2,0
1763,1,2,0
1764,1,2,0
1765,1,2,0
1766,1,2,0
1767,1,2,0
1768,1,2,0
1769,1,2,0
1770,1,2,0
1771,1,2,0
1772,1,2,0
1773,1,2,0
1774,1,2,0
1775,1,2,0
1776,1,2,0
1777,1,2,0
1778,1,2,0
1779,1,2,0
1780,1,2,0
1781,1,2,0
1782,1,2,0
1783,1,2,0
1784,1,2,0
1785,1,2,0
1786,1,2,0
1787,1,2,0
1788,1,2,0
1789,1,2,0
1790,1,2,0
1791,1,2,0
1792,1,2,0
1793,1,2,0
1794,1,2,0
1795,1,2,0
1796,1,2,0
1797,1,2,0
1798,1,2,0
1799,1,2,0
1800,1,2,0
1801,1,2,0
1802,1,2,0
1803,1,2,0
1804,1,2,0
1805,1,2,0
1806,1,2,0
1807,1,2,0
1808,1,2,0
1809,1,2,0
1810,1,2,0
1811,1,2,0
1812,1,2,0
1813,1,2,0
1814,1,2,0
1815,1,2,0
1816,1,2,0
1817,1,2,0
1818,1,2,0
1819,1,2,0
1820,1,2,0
1821,1,2,0
1822,1,2,0
1823,1,2,0
1824,1,2,0
1825,1,2,0
1826,1,2,0
1827,1,2,0
1828,1,2,0
1829,1,2,0
1830,1,2,0
1831,1,2,0
1832,1,2,0
1833,1,2,0
1834,1,2,0
1835,1,2,0
1836,1,2,0
1837,1,2,0
1838,1,2,0
1839,1,2,0
1840,1,2,0
1841,1,2,0
1842,1,2,0
1843,1,2,0
1844,1,2,0
1845,1,2,0
1846,1,2,0
1847,1,2,0
1848,1,2,0
1849,1,2,0
1850,1,2,0
1851,1,2,0
1852,1,2,0
1853,1,2,0
1854,1,2,0
1855,1,2,0
1856,1,2,0
1857,1,2,0
1858,1,2,0
1859,1,2,0
1860,1,2,0
1861,1,2,0
1862,1,2,0
1863,1,2,0
1864,1,2,0
1865,1,2,0
1866,1,2,0
1867,1,2,0
1868,1,2,0
1869,1,2,0
1870,1,2,0
1871,1,2,0
1872,1,2,0
1873,1,2,0
1874,1,2,0
1875,1,2,0
1876,1,2,0
1877,1,2,0
1878,1,2,0
1879,1,2,0
1880,1,2,0
1881,1,2,0
1882,1,2,0
1883,1,2,0
1884,1,2,0
1885,1,2,0
1886,1,2,0
1887,1,2,0
1888,1,2,0
1889,1,2,0
1890,1,2,0
1891,1,2,0
1892,1,2,0
1893,1,2,0
1894,1,2,0
1895,1,2,0
1896,1,2,0
1897,1,2,0
1898,1,2,0
1899,1,2,0
1900,1,2,0
1901,1,2,0
1902,1,2,0
1903,1,2,0
1904,1,2,0
1905,1,2,0
1906,1,2,0
1907,1,2,0
1908,1,2,0
1909,1,2,0
1910,1,2,0
1911,1,2,0
1912,1,2,0
1913,1,2,0
1914,1,2,0
1915,1,2,0
1916,1,2,0
1917,1,2,0
1918,1,2,0
1919,1,2,0
1920,1,2,0
1921,1,2,0
1922,1,2,0
1923,1,2,0
1924,1,2,0
1925,1,2,0
1926,1,2,0
1927,1,2,0
1928,1,2,0
1929,1,2,0
1930,1,2,0
1931,1,2,0
1932,1,2,0
1933,1,2,0
1934,1,2,0
1935,1,2,0
1936,1,2,0
1937,1,2,0
1938,1,2,0
1939,1,2,0
1940,1,2,0
1941,1,2,0
1942,1,2,0
1943,1,2,0
1944,1,2,0
1945,1,2,0
1946,1,2,0
1947,1,2,0
1948,1,2,0
1949,1,2,0
1950,1,2,0
1951,1,2,0
1952,1,2,0
1953,1,2,0
1954,1,2,0
1955,1,2,0
1956,1,2,0
1957,1,2,0
1958,1,2,0
1959,1,2,0
1960,1,2,0
1961,1,2,0
1962,1,2,0
1963,1,2,0
1964,1,2,0
1965,1,2,0
1966,1,2,0
1967,1,2,0
1968,1,2,0
1969,1,2,0
1970,1,2,0
1971,1,2,0
1972,1,2,0
1973,1,2,0
1974,1,2,0
1975,1,2,0
1976,1,2,0
1977,1,2,0
1978,1,2,0
1979,1,2,0
1980,1,2,0
1981,1,2,0
1982,1,2,0
1983,1,2,0
1984,1,2,0
1985,1,2,0
1986,1,2,0
1987,1,2,0
1988,1,2,0
1989,1,2,0
1990,1,2,0
1991,1,2,0
1992,1,2,0
1993,1,2,0
1994,1,2,0
1995,1,2,0
1996,1,2,0
1997,1,2,0
1998,1,2,0
1999,1,2,0
2000,1,2,0
2001,1,2,0
2002,1,2,0
2003,1,2,0
2004,1,2,0
2005,1,2,0
2006,1,2,0
2007,1,2,0
2008,1,2,0
2009,1,2,0
2010,1,2,0
2011,1,2,0
2012,1,2,0
2013,1,2,0
2014,1,2,0
2015,1,2,0
2016,1,2,0
2017,1,2,0
2018,1,2,0
2019,1,2,0
2020,1,2,0
2021,1,2,0
2022,1,2,0
2023,1,2,0
2024,1,2,0
2025,1,2,0
2026,1,2,0
2027,1,2,0
2028,1,2,0
2029,1,2,0
2030,1,2,0
2031,1,2,0
2032,1,2,0
2033,1,2,0
2034,1,2,0
2035,1,2,0
2036,1,2,0
2037,1,2,0
2038,1,2,0
2039,1,2,0
2040,1,2,0
2041,1,2,0
2042,1,2,0
2043,1,2,0
2044,1,2,0
2045,1,2,0
2046,1,2,0
2047,1,2,0
2048,1,2,0
2049,1,2,0
2050,1,2,0
2051,1,2,0
2052,1,2,0
2053,1,2,0
2054,1,2,0
2055,1,2,0
2056,1,2,0
2057,1,2,0
2058,1,2,0
2059,1,2,0
2060,1,2,0
2061,1,2,0
2062,1,2,0
2063,1,2,0
2064,1,2,0
2065,1,2,0
2066,1,2,0
2067,1,2,0
2068,1,2,0
2069,1,2,0
2070,1,2,0
2071,1,2,0
2072,1,2,0
2073,1,2,0
2074,1,2,0
2075,1,2,0
2076,1,2,0
2077,1,2,0
2078,1,2,0
2079,1,2,0
2080,1,2,0
2081,1,2,0
2082,1,2,0
2083,1,2,0
2084,1,2,0
2085,1,2,0
2086,1,2,0
2087,1,2,0
2088,1,2,0
2089,1,2,0
2090,1,2,0
2091,1,2,0
2092,1,2,0
2093,1,2,0
2094,1,2,0
2095,1,2,0
2096,1,2,0
2097,1,2,0
2098,1,2,0
2099,1,2,0
2100,1,2,0
2101,1,2,0
2102,1,2,0
2103,1,2,0
2104,1,2,0
2105,1,2,0
2106,1,2,0
2107,1,2,0
2108,1,2,0
2109,1,2,0
2110,1,2,0
2111,1,2,0
2112,1,2,0
2113,1,2,0
2114,1,2,0
2115,1,2,0
2116,1,2,0
2117,1,2,0
2118,1,2,0
2119,1,2,0
2120,1,2,0
2121,1,2,0
2122,1,2,0
2123,1,2,0
2124,1,2,0
2125,1,2,0
2126,1,2,0
2127,1,2,0
2128,1,2,0
2129,1,2,0
2130,1,2,0
2131,1,2,0
2132,1,2,0
2133,1,2,0
2134,1,2,0
2135,1,2,0
2136,1,2,0
2137,1,2,0
2138,1,2,0
2139,1,2,0
2140,1,2,0
2141,1,2,0
2142,1,2,0
2143,1,2,0
2144,1,2,0
2145,1,2,0
2146,1,2,0
2147,1,2,0
2148,1,2,0
2149,1,2,0
2150,1,2,0
2151,1,2,0
2152,1,2,0
2153,1,2,0
2154,1,2,0
2155,1,2,0
2156,1,2,0
2157,1,2,0
2158,1,2,0
2159,1,2,0
2160,1,2,0
2161,1,2,0
2162,1,2,0
2163,1,2,0
2164,1,2,0
2165,1,2,0
2166,1,2,0
2167,1,2,0
2168,1,2,0
2169,1,2,0
2170,1,2,0
2171,1,2,0
2172,1,2,0
2173,1,2,0
2174,1,2,0
2175,1,2,0
2176,1,2,0
2177,1,2,0
2178,1,2,0
2179,1,2,0
2180,1,2,0
2181,1,2,0
2182,1,2,0
2183,1,2,0
2184,1,2,0
2185,1,2,0
2186,1,2,0
2187,1,2,0
2188,1,2,0
2189,1,2,0
2190,1,2,0
2191,1,2,0
2192,1,2,0
2193,1,2,0
2194,1,2,0
2195,1,2,0
2196,1,2,0
2197,1,2,0
2198,1,2,0
2199,1,2,0
2200,1,2,0
2201,1,2,0
2202,1,2,0
2203,1,2,0
2204,1,2,0
2205,1,2,0
2206,1,2,0
2207,1,2,0
2208,1,2,0
2209,1,2,0
2210,1,2,0
2211,1,2,0
2212,1,2,0
2213,1,2,0
2214,1,2,0
2215,1,2,0
2216,1,2,0
2217,1,2,0
2218,1,2,0
2219,1,2,0
2220,1,2,0
2221,1,2,0
2222,1,2,0
2223,1,2,0
2224,1,2,0
2225,1,2,0
2226,1,2,0
2227,1,2,0
2228,1,2,0
2229,1,2,0
2230,1,2,0
2231,1,2,0
2232,1,2,0
2233,1,2,0
2234,1,2,0
2235,1,2,0
2236,1,2,0
2237,1,2,0
2238,1,2,0
2239,1,2,0
2240,1,2,0
2241,1,2,0
2242,1,2,0
2243,1,2,0
2244,1,2,0
2245,1,2,0
2246,1,2,0
2247,1,2,0
2248,1,2,0
2249,1,2,0
2250,1,2,0
2251,1,2,0
2252,1,2,0
2253,1,2,0
2254,1,2,0
2255,1,2,0
2256,1,2,0
2257,1,2,0
2258,1,2,0
2259,1,2,0
2260,1,2,0
2261,1,2,0
2262,1,2,0
2263,1,2,0
2264,1,2,0
2265,1,2,0
2266,1,2,0
2267,1,2,0
2268,1,2,0
2269,1,2,0
2270,1,2,0
2271,1,2,0
2272,1,2,0
2273,1,2,0
2274,1,2,0
2275,1,2,0
2276,1,2,0
2277,1,2,0
2278,1,2,0
2279,1,2,0
2280,1,2,0
2281,1,2,0
2282,1,2,0
2283,1,2,0
2284,1,2,0
2285,1,2,0
2286,1,2,0
2287,1,2,0
2288,1,2,0
2289,1,2,0
2290,1,2,0
2291,1,2,0
2292,1,2,0
2293,1,2,0
2294,1,2,0
2295,1,2,0
2296,1,2,0
2297,1,2,0
2298,1,2,0
2299,1,2,0
2300,1,2,0
2301,1,2,0
2302,1,2,0
2303,1,2,0
2304,1,2,0
