loss_train,loss_val,accuracy_val,accuracy_train
12.23823070526123,4.398974418640137,0.046875,0.10416666666666667
6.186310291290283,1.9404966831207275,0.44419642857142855,0.43973214285714285
7.588106632232666,2.672901153564453,0.44419642857142855,0.44494047619047616
5.6371612548828125,1.8158267736434937,0.44419642857142855,0.4479166666666667
5.422956466674805,1.6098456382751465,0.44419642857142855,0.4427083333333333
4.855110168457031,1.48886239528656,0.43973214285714285,0.44345238095238093
4.527891635894775,1.691909670829773,0.44642857142857145,0.4427083333333333
3.8754994869232178,1.280012845993042,0.44419642857142855,0.44494047619047616
3.9268720149993896,1.2899901866912842,0.4375,0.44419642857142855
3.94008207321167,1.2230466604232788,0.44642857142857145,0.44568452380952384
3.6220812797546387,1.2006796598434448,0.44419642857142855,0.4486607142857143
3.6034457683563232,1.2633659839630127,0.4419642857142857,0.44345238095238093
3.3505568504333496,1.1649014949798584,0.44642857142857145,0.44345238095238093
3.2804226875305176,1.0778944492340088,0.4419642857142857,0.4427083333333333
3.065676212310791,1.0420098304748535,0.4419642857142857,0.44568452380952384
3.068509817123413,1.016713261604309,0.44419642857142855,0.4427083333333333
2.957420587539673,1.0213847160339355,0.43973214285714285,0.44345238095238093
2.958564281463623,0.9678304195404053,0.44642857142857145,0.4412202380952381
2.786679983139038,0.9403632879257202,0.45535714285714285,0.45982142857142855
2.8455021381378174,0.9005743265151978,0.5044642857142857,0.5171130952380952
2.6098597049713135,0.874012291431427,0.5066964285714286,0.515625
2.5612637996673584,0.837207019329071,0.5089285714285714,0.5200892857142857
2.460904836654663,0.8200105428695679,0.5089285714285714,0.5171130952380952
2.3811264038085938,0.7994161248207092,0.5066964285714286,0.5223214285714286
2.3241846561431885,0.761258065700531,0.515625,0.5282738095238095
2.3144309520721436,0.7662531733512878,0.5044642857142857,0.5208333333333334
2.3038747310638428,0.7463249564170837,0.5111607142857143,0.5230654761904762
2.2009382247924805,0.7460936307907104,0.5066964285714286,0.5260416666666666
2.0598766803741455,0.7327572107315063,0.5089285714285714,0.5305059523809523
2.059253215789795,0.7217861413955688,0.5446428571428571,0.5528273809523809
2.0021278858184814,0.7124971151351929,0.5982142857142857,0.6138392857142857
1.9793859720230103,0.700356662273407,0.5803571428571429,0.6264880952380952
1.9203510284423828,0.685788631439209,0.6383928571428571,0.6815476190476191
1.8693639039993286,0.6494036316871643,0.6607142857142857,0.6971726190476191
1.8087761402130127,0.6196537017822266,0.6852678571428571,0.7165178571428571
1.7162303924560547,0.5876025557518005,0.6897321428571429,0.7127976190476191
1.6491577625274658,0.5537921190261841,0.6852678571428571,0.7038690476190477
1.5620912313461304,0.5222216248512268,0.6919642857142857,0.7083333333333334
1.5145864486694336,0.49193310737609863,0.6919642857142857,0.7150297619047619
1.4383810758590698,0.4931906461715698,0.7053571428571429,0.7306547619047619
1.3269799947738647,0.47539377212524414,0.7120535714285714,0.7433035714285714
1.4659887552261353,0.4650079607963562,0.7053571428571429,0.7202380952380952
1.2335084676742554,0.4102438688278198,0.7142857142857143,0.7313988095238095
1.2614787817001343,0.3771345317363739,0.7075892857142857,0.7336309523809523
1.1904716491699219,0.38852658867836,0.7209821428571429,0.7514880952380952
1.244541883468628,0.3807200491428375,0.6741071428571429,0.7440476190476191
1.1316144466400146,0.39878377318382263,0.6517857142857143,0.7247023809523809
1.2420156002044678,0.3535917401313782,0.6785714285714286,0.7410714285714286
1.0507078170776367,0.3722948133945465,0.6808035714285714,0.7410714285714286
1.0819615125656128,0.3847280442714691,0.671875,0.7380952380952381
1.119476556777954,0.371098130941391,0.6830357142857143,0.7485119047619048
1.1179444789886475,0.37556248903274536,0.6830357142857143,0.7410714285714286
1.1708152294158936,0.3510657250881195,0.7053571428571429,0.7544642857142857
0.9295360445976257,0.40438586473464966,0.6941964285714286,0.7470238095238095
0.9486925005912781,0.351604163646698,0.7120535714285714,0.7671130952380952
1.0290991067886353,0.28135478496551514,0.7276785714285714,0.7559523809523809
0.9603744149208069,0.3055146634578705,0.7075892857142857,0.7633928571428571
0.986015796661377,0.3328148126602173,0.7276785714285714,0.7693452380952381
0.9122042655944824,0.38076794147491455,0.7120535714285714,0.7723214285714286
0.976592481136322,0.36936843395233154,0.7075892857142857,0.7552083333333334
0.9268749356269836,0.2861579954624176,0.7522321428571429,0.7663690476190477
1.2543445825576782,0.358954519033432,0.6763392857142857,0.7008928571428571
0.8587935566902161,0.2461531162261963,0.71875,0.7522321428571429
0.9316924214363098,0.36669424176216125,0.6875,0.7485119047619048
1.0730172395706177,0.3946686089038849,0.6696428571428571,0.7284226190476191
0.989078164100647,0.3689489960670471,0.6897321428571429,0.7507440476190477
0.9140801429748535,0.30444708466529846,0.71875,0.7626488095238095
0.9967306852340698,0.2953624725341797,0.7276785714285714,0.7544642857142857
0.88017338514328,0.27082982659339905,0.7075892857142857,0.7425595238095238
0.9483936429023743,0.27066823840141296,0.6741071428571429,0.7366071428571429
0.944973349571228,0.27894091606140137,0.6830357142857143,0.7455357142857143
0.8113005757331848,0.27405351400375366,0.6852678571428571,0.7462797619047619
0.9548462629318237,0.2911587655544281,0.7053571428571429,0.7544642857142857
0.8700140714645386,0.28936201333999634,0.7232142857142857,0.7745535714285714
0.8184459209442139,0.24393567442893982,0.734375,0.7730654761904762
0.7992672920227051,0.24006260931491852,0.7075892857142857,0.7403273809523809
0.7356696724891663,0.25051426887512207,0.7366071428571429,0.7537202380952381
0.756432056427002,0.24553264677524567,0.7209821428571429,0.7648809523809523
0.7732316255569458,0.26672250032424927,0.75,0.78125
0.7195872664451599,0.267781138420105,0.7321428571428571,0.7730654761904762
0.6524374485015869,0.26284947991371155,0.7232142857142857,0.7827380952380952
0.7114809155464172,0.2748695909976959,0.7366071428571429,0.7819940476190477
0.5828165411949158,0.24659386277198792,0.71875,0.7857142857142857
0.6381482481956482,0.21728309988975525,0.7477678571428571,0.7931547619047619
0.6497622132301331,0.2474483847618103,0.7433035714285714,0.796875
0.6093540787696838,0.2686561346054077,0.7678571428571429,0.8005952380952381
0.6517132520675659,0.2862204909324646,0.7745535714285714,0.8229166666666666
0.6722116470336914,0.25692635774612427,0.7834821428571429,0.8072916666666666
0.7429584264755249,0.21454019844532013,0.8058035714285714,0.8035714285714286
0.652402400970459,0.20902109146118164,0.7834821428571429,0.8072916666666666
0.5968067049980164,0.2453688383102417,0.7633928571428571,0.7924107142857143
0.524702250957489,0.2641132175922394,0.7321428571428571,0.7931547619047619
0.565787672996521,0.2664007246494293,0.7455357142857143,0.7924107142857143
0.5550248622894287,0.2535098195075989,0.7745535714285714,0.8154761904761905
0.5687351226806641,0.230292409658432,0.7946428571428571,0.8110119047619048
0.531598687171936,0.21629126369953156,0.8035714285714286,0.8125
0.561387300491333,0.20761439204216003,0.7946428571428571,0.8318452380952381
0.529573380947113,0.22408221662044525,0.7790178571428571,0.8184523809523809
0.5202572345733643,0.2384631335735321,0.7522321428571429,0.7998511904761905
0.4933328330516815,0.22979453206062317,0.7566964285714286,0.8132440476190477
0.5001206994056702,0.21749258041381836,0.7879464285714286,0.8273809523809523
0.4747360050678253,0.21159234642982483,0.8013392857142857,0.8363095238095238
0.5370566248893738,0.20093393325805664,0.78125,0.8206845238095238
0.4691145718097687,0.17876611649990082,0.8236607142857143,0.8489583333333334
0.4751041531562805,0.1857393980026245,0.8214285714285714,0.8586309523809523
0.5209679007530212,0.2135320007801056,0.7879464285714286,0.8385416666666666
0.47001969814300537,0.201731339097023,0.7857142857142857,0.8400297619047619
0.4689115583896637,0.18530216813087463,0.7924107142857143,0.8392857142857143
0.5200632810592651,0.17334724962711334,0.8102678571428571,0.8340773809523809
0.43577519059181213,0.16845515370368958,0.8035714285714286,0.8273809523809523
0.4716522991657257,0.17452406883239746,0.8058035714285714,0.8392857142857143
0.43091675639152527,0.19732458889484406,0.8102678571428571,0.8444940476190477
0.4342094361782074,0.1880721151828766,0.7901785714285714,0.8504464285714286
0.4018915593624115,0.16576054692268372,0.8392857142857143,0.8541666666666666
0.41055193543434143,0.1472383439540863,0.8325892857142857,0.8586309523809523
0.3697156012058258,0.1897008866071701,0.8013392857142857,0.8348214285714286
0.40785378217697144,0.1780032366514206,0.8102678571428571,0.8482142857142857
0.33833497762680054,0.1684548705816269,0.828125,0.8608630952380952
0.36009737849235535,0.15838302671909332,0.8236607142857143,0.8653273809523809
0.43465346097946167,0.18094603717327118,0.8325892857142857,0.8757440476190477
0.41363513469696045,0.17512555420398712,0.8638392857142857,0.8757440476190477
0.3752167820930481,0.15944762527942657,0.8325892857142857,0.8638392857142857
0.34924864768981934,0.16944284737110138,0.8191964285714286,0.8675595238095238
0.3829396367073059,0.17834337055683136,0.8348214285714286,0.8653273809523809
0.3484652638435364,0.19096314907073975,0.8125,0.8601190476190477
0.3604438006877899,0.19790422916412354,0.8058035714285714,0.8638392857142857
0.36997753381729126,0.17763864994049072,0.8102678571428571,0.8630952380952381
0.36063042283058167,0.1489984542131424,0.8415178571428571,0.8913690476190477
0.3751603960990906,0.16921177506446838,0.8459821428571429,0.8757440476190477
0.29187533259391785,0.17066217958927155,0.8147321428571429,0.8683035714285714
0.33678141236305237,0.17084062099456787,0.8013392857142857,0.8526785714285714
0.3136003911495209,0.1437520533800125,0.8169642857142857,0.8653273809523809
0.30578818917274475,0.13471361994743347,0.8392857142857143,0.8735119047619048
0.3382621705532074,0.13905765116214752,0.8504464285714286,0.8802083333333334
0.28426340222358704,0.13369256258010864,0.8571428571428571,0.8816964285714286
0.32977038621902466,0.14022666215896606,0.859375,0.8846726190476191
0.2567473351955414,0.11532697081565857,0.8794642857142857,0.8988095238095238
0.25294774770736694,0.1416943520307541,0.875,0.8950892857142857
0.2498554289340973,0.13289527595043182,0.8459821428571429,0.8816964285714286
0.27815911173820496,0.13664984703063965,0.8258928571428571,0.8787202380952381
0.3063279390335083,0.17089739441871643,0.8660714285714286,0.8980654761904762
0.270366907119751,0.15888206660747528,0.859375,0.9002976190476191
0.33452099561691284,0.12096688896417618,0.8794642857142857,0.9047619047619048
0.26341938972473145,0.15508322417736053,0.84375,0.8965773809523809
0.3158991038799286,0.19570082426071167,0.8415178571428571,0.8839285714285714
0.26188793778419495,0.18088357150554657,0.875,0.9032738095238095
0.2449091374874115,0.1502677947282791,0.859375,0.8958333333333334
0.25430384278297424,0.11813399195671082,0.8660714285714286,0.8980654761904762
0.2459907978773117,0.1258295178413391,0.8616071428571429,0.8891369047619048
0.2492835968732834,0.1480516493320465,0.84375,0.8787202380952381
0.222332164645195,0.14640793204307556,0.8549107142857143,0.8965773809523809
0.30324772000312805,0.1370760053396225,0.8660714285714286,0.9069940476190477
0.30283117294311523,0.14423124492168427,0.8638392857142857,0.9025297619047619
0.2374505251646042,0.1408522129058838,0.8571428571428571,0.9069940476190477
0.24421538412570953,0.17635001242160797,0.8683035714285714,0.8973214285714286
0.25817251205444336,0.21034583449363708,0.8638392857142857,0.9010416666666666
0.28813448548316956,0.1881679892539978,0.8638392857142857,0.9040178571428571
0.23992988467216492,0.1603320688009262,0.890625,0.921875
0.26177865266799927,0.1400291621685028,0.8727678571428571,0.9092261904761905
0.2156335413455963,0.13746528327465057,0.8794642857142857,0.9114583333333334
0.2342790812253952,0.1311594694852829,0.8683035714285714,0.9025297619047619
0.22838188707828522,0.13571815192699432,0.8348214285714286,0.8958333333333334
0.1806253343820572,0.13872864842414856,0.8526785714285714,0.9002976190476191
0.20242899656295776,0.13742125034332275,0.875,0.9069940476190477
0.25572627782821655,0.094323068857193,0.8705357142857143,0.9099702380952381
0.18966902792453766,0.1414770931005478,0.8459821428571429,0.8869047619047619
0.20317342877388,0.13577818870544434,0.8415178571428571,0.8921130952380952
0.18976549804210663,0.15191906690597534,0.8504464285714286,0.8883928571428571
0.2503012418746948,0.16417568922042847,0.8816964285714286,0.9159226190476191
0.1522258222103119,0.1249067634344101,0.9017857142857143,0.9293154761904762
0.20734475553035736,0.1353646218776703,0.90625,0.9226190476190477
0.21408092975616455,0.15543131530284882,0.8928571428571429,0.9196428571428571
0.1739501953125,0.11272964626550674,0.90625,0.9255952380952381
0.20320573449134827,0.1402907371520996,0.8727678571428571,0.9122023809523809
0.17175990343093872,0.15355227887630463,0.890625,0.9248511904761905
0.17922133207321167,0.17155927419662476,0.8861607142857143,0.9278273809523809
0.1548151671886444,0.17942124605178833,0.8950892857142857,0.9270833333333334
0.21094566583633423,0.19096551835536957,0.890625,0.9270833333333334
0.153522789478302,0.1702217161655426,0.859375,0.9114583333333334
0.18556499481201172,0.14668186008930206,0.8571428571428571,0.9055059523809523
0.1620161235332489,0.1753605306148529,0.8616071428571429,0.9047619047619048
0.18478308618068695,0.17657527327537537,0.8660714285714286,0.9203869047619048
0.193963423371315,0.17350876331329346,0.8772321428571429,0.9263392857142857
0.16270090639591217,0.13938885927200317,0.8861607142857143,0.9226190476190477
0.15581193566322327,0.12106287479400635,0.8839285714285714,0.9248511904761905
0.15562804043293,0.1224474310874939,0.8727678571428571,0.9188988095238095
0.18273897469043732,0.16440951824188232,0.8504464285714286,0.9285714285714286
0.12565746903419495,0.18077445030212402,0.8683035714285714,0.9188988095238095
0.1590181291103363,0.220895916223526,0.8705357142857143,0.921875
0.14014658331871033,0.20484355092048645,0.8883928571428571,0.9308035714285714
0.16841207444667816,0.19329532980918884,0.9017857142857143,0.9285714285714286
0.1708436757326126,0.1365933120250702,0.8995535714285714,0.9226190476190477
0.13978511095046997,0.13719947636127472,0.8950892857142857,0.9263392857142857
0.12980888783931732,0.16560699045658112,0.8950892857142857,0.9337797619047619
0.16701753437519073,0.20847034454345703,0.8727678571428571,0.9233630952380952
0.13613516092300415,0.21063686907291412,0.8883928571428571,0.9330357142857143
0.15766221284866333,0.22224730253219604,0.8861607142857143,0.9308035714285714
0.2046736478805542,0.21716047823429108,0.8883928571428571,0.9337797619047619
0.14068709313869476,0.165767103433609,0.9017857142857143,0.9293154761904762
0.15548981726169586,0.14414949715137482,0.90625,0.9375
0.17364093661308289,0.15363281965255737,0.8504464285714286,0.9040178571428571
0.19331355392932892,0.1963013857603073,0.828125,0.890625
0.18540030717849731,0.16508589684963226,0.8526785714285714,0.9040178571428571
0.18200063705444336,0.16619475185871124,0.8616071428571429,0.9092261904761905
0.19228781759738922,0.15335363149642944,0.875,0.9255952380952381
0.12060939520597458,0.15687450766563416,0.8839285714285714,0.9315476190476191
0.1933186948299408,0.1711040735244751,0.8482142857142857,0.9092261904761905
0.18508586287498474,0.17084723711013794,0.8526785714285714,0.9122023809523809
0.14943799376487732,0.1628478616476059,0.8816964285714286,0.9196428571428571
0.15923206508159637,0.11930623650550842,0.8816964285714286,0.9166666666666666
0.16024215519428253,0.23095467686653137,0.8883928571428571,0.9151785714285714
0.1741781234741211,0.2545718550682068,0.8973214285714286,0.9322916666666666
0.14113666117191315,0.18793341517448425,0.8950892857142857,0.9330357142857143
0.14898765087127686,0.13796687126159668,0.8883928571428571,0.9270833333333334
0.17687322199344635,0.1377324014902115,0.8861607142857143,0.9337797619047619
0.13656368851661682,0.1798461377620697,0.8950892857142857,0.9397321428571429
0.13688163459300995,0.20334002375602722,0.8928571428571429,0.9389880952380952
0.1290055811405182,0.17241060733795166,0.9084821428571429,0.9367559523809523
0.13407963514328003,0.16168427467346191,0.90625,0.9322916666666666
0.12712138891220093,0.15667006373405457,0.8995535714285714,0.9226190476190477
0.12978868186473846,0.16275164484977722,0.890625,0.9278273809523809
0.1334955394268036,0.17907416820526123,0.859375,0.9203869047619048
0.16598407924175262,0.18184109032154083,0.8727678571428571,0.9270833333333334
0.13095149397850037,0.2036958932876587,0.8839285714285714,0.9404761904761905
0.12017025053501129,0.20043765008449554,0.9040178571428571,0.9434523809523809
0.1053433045744896,0.17069464921951294,0.9017857142857143,0.9337797619047619
0.13569702208042145,0.14629307389259338,0.9017857142857143,0.9345238095238095
0.13447293639183044,0.16051268577575684,0.8839285714285714,0.9360119047619048
0.11486144363880157,0.13062414526939392,0.8794642857142857,0.9360119047619048
0.11256243288516998,0.16316011548042297,0.8950892857142857,0.9337797619047619
0.1252942532300949,0.19486990571022034,0.9017857142857143,0.9404761904761905
0.1346902698278427,0.21675917506217957,0.9084821428571429,0.9441964285714286
0.12636207044124603,0.21479350328445435,0.9151785714285714,0.9494047619047619
0.09613466262817383,0.23888584971427917,0.9107142857142857,0.9464285714285714
0.09995491802692413,0.1891268491744995,0.8995535714285714,0.9382440476190477
0.09767972677946091,0.2663048207759857,0.8794642857142857,0.9308035714285714
0.11023993790149689,0.28566089272499084,0.8772321428571429,0.9278273809523809
0.10128568857908249,0.25390303134918213,0.8950892857142857,0.9404761904761905
0.08726134151220322,0.20546077191829681,0.9084821428571429,0.9494047619047619
0.12103605270385742,0.19937175512313843,0.9040178571428571,0.9501488095238095
0.10273423045873642,0.2105851024389267,0.9285714285714286,0.9479166666666666
0.09474704414606094,0.23808220028877258,0.8861607142857143,0.9412202380952381
0.0959404706954956,0.2482748180627823,0.8973214285714286,0.9419642857142857
0.09422039240598679,0.26699745655059814,0.8861607142857143,0.9456845238095238
0.08354263007640839,0.26007622480392456,0.8928571428571429,0.9553571428571429
0.07436804473400116,0.21285337209701538,0.8973214285714286,0.9583333333333334
0.09293799102306366,0.19790104031562805,0.8928571428571429,0.9508928571428571
0.08298946917057037,0.19487127661705017,0.8995535714285714,0.9508928571428571
0.06970180571079254,0.2015986144542694,0.8928571428571429,0.9516369047619048
0.07894685119390488,0.24623467028141022,0.9084821428571429,0.9590773809523809
0.10990409553050995,0.18061453104019165,0.8995535714285714,0.9538690476190477
0.1011195108294487,0.29052600264549255,0.8973214285714286,0.9590773809523809
0.07363835722208023,0.19769257307052612,0.8950892857142857,0.9568452380952381
0.09615397453308105,0.14929738640785217,0.8973214285714286,0.9546130952380952
0.10896133631467819,0.17495539784431458,0.9084821428571429,0.9553571428571429
0.09156010299921036,0.2241615206003189,0.890625,0.9546130952380952
0.09337759763002396,0.29007625579833984,0.890625,0.9538690476190477
0.08900375664234161,0.26603615283966064,0.8973214285714286,0.9650297619047619
0.08422737568616867,0.20476935803890228,0.9017857142857143,0.9620535714285714
0.08907248824834824,0.18005546927452087,0.9040178571428571,0.9590773809523809
0.10274408757686615,0.16338828206062317,0.9017857142857143,0.9650297619047619
0.0707448422908783,0.19331444799900055,0.8950892857142857,0.9568452380952381
0.08460600674152374,0.2723838686943054,0.8816964285714286,0.9471726190476191
0.07580834627151489,0.25487014651298523,0.8705357142857143,0.9404761904761905
0.10149655491113663,0.23330219089984894,0.8772321428571429,0.9501488095238095
0.07704807072877884,0.1812308430671692,0.8973214285714286,0.9568452380952381
0.07022381573915482,0.12929394841194153,0.9241071428571429,0.9501488095238095
0.06755797564983368,0.18910729885101318,0.9196428571428571,0.9561011904761905
0.07473978400230408,0.1980896294116974,0.9174107142857143,0.9605654761904762
0.06703250110149384,0.23815861344337463,0.8995535714285714,0.9613095238095238
0.058312129229307175,0.2813187539577484,0.9017857142857143,0.9546130952380952
0.0727229118347168,0.297110378742218,0.9084821428571429,0.953125
0.0573045089840889,0.25035279989242554,0.9084821428571429,0.9627976190476191
0.08453845977783203,0.22213731706142426,0.9196428571428571,0.9650297619047619
0.055520426481962204,0.19732801616191864,0.9151785714285714,0.9702380952380952
0.059985075145959854,0.20162636041641235,0.9084821428571429,0.9657738095238095
0.05329585447907448,0.23478679358959198,0.8950892857142857,0.9538690476190477
0.06926323473453522,0.2318468689918518,0.9017857142857143,0.9538690476190477
0.07165193557739258,0.23398123681545258,0.9174107142857143,0.9575892857142857
0.07516428828239441,0.22765903174877167,0.9174107142857143,0.9620535714285714
0.05276612564921379,0.2161635160446167,0.9196428571428571,0.9657738095238095
0.10505416244268417,0.22082418203353882,0.9263392857142857,0.9657738095238095
0.06609001755714417,0.21361394226551056,0.9241071428571429,0.9561011904761905
0.04880434274673462,0.22287295758724213,0.9174107142857143,0.9702380952380952
0.05646147206425667,0.20327356457710266,0.90625,0.9680059523809523
0.0641956701874733,0.22924679517745972,0.9017857142857143,0.9523809523809523
0.07416682690382004,0.24434871971607208,0.9017857142857143,0.9627976190476191
0.052478283643722534,0.2007921040058136,0.9129464285714286,0.9732142857142857
0.05837615951895714,0.19725292921066284,0.9196428571428571,0.96875
0.05023287981748581,0.18485549092292786,0.9241071428571429,0.9709821428571429
0.06129441782832146,0.19029106199741364,0.9241071428571429,0.9754464285714286
0.06706146895885468,0.2257937341928482,0.921875,0.9776785714285714
0.056216392666101456,0.249205082654953,0.9174107142857143,0.9784226190476191
0.06409727782011032,0.24311450123786926,0.9263392857142857,0.9680059523809523
0.07012182474136353,0.21483881771564484,0.9308035714285714,0.9724702380952381
0.05473575368523598,0.21524333953857422,0.9375,0.9732142857142857
0.05690103769302368,0.23271501064300537,0.9241071428571429,0.9709821428571429
0.06541985273361206,0.2661968767642975,0.921875,0.9739583333333334
0.05484916269779205,0.2757056653499603,0.9308035714285714,0.9724702380952381
0.052363067865371704,0.30269646644592285,0.90625,0.9657738095238095
